,Hospital name,City,County,Acute Care Beds,YearFounded,Affiliation,Notes,Place ID,Latitude,Hospital Longtitude,Street Address,State,Hospital Zip Code,Full Address,Median Income,Population,Joined
0,AdventHealth Gordon,Calhoun,Gordon County,69,,AdventHealth,Formerly Gordon Hospital,ChIJfVjpjer9X4gRGK7NwGG_tbg,34.510205400000004,-84.9263043,1035 Red Bud Road Northeast,Georgia,30701.0,"1035 Red Bud Rd NE, Calhoun, GA 30701, USA",24110,81640,False
1,AdventHealth Murray,Chatsworth,Murray County,29,,AdventHealth,Formerly Murray Medical Center,ChIJ-U0scjndX4gRG-FoXnNaHI4,34.779955799999996,-84.7830378,707 Old Dalton Ellijay Road,Georgia,30705.0,"707 Old Dalton Ellijay Rd, Chatsworth, GA 30705, USA",24457,33460,False
2,Archbold Memorial Hospital,Thomasville,Thomas County,264,1925,Archbold,,ChIJsxblg8q17YgR8XXHSBDuObQ,30.825169300000002,-83.9721278,915 Gordon Avenue,Georgia,31792.0,"915 Gordon Ave, Thomasville, GA 31792, USA",22498,82815,False
3,Archbold - Brooks County Hospital,Quitman,Brooks County,25,,Archbold,,ChIJiyuklBp_7ogRmoGX5XNztMM,30.795038800000004,-83.559146,903 North Court Street,Georgia,31643.0,"903 N Court St, Quitman, GA 31643, USA",24644,9062,False
5,Archbold - Mitchell County Hospital,Camilla,Mitchell County,25,,Archbold,,ChIJswuXyhic7YgRuk38qsPrYt4,31.229772999999998,-84.2053167,90 East Stephens Street,Georgia,31730.0,"90 E Stephens St, Camilla, GA 31730, USA",21584,8419,False
6,Beverly Knight Olson Children's Hospital,Macon,Bibb County,0,,Atrium/Navicent,,ChIJDyOjXYf-84gREfrs3wfa6is,32.8347369,-83.63654720000001,888 Pine Street,Georgia,31201.0,"888 Pine St, Macon, GA 31201, USA",21838,385130,False
7,Coliseum Medical Centers,Macon,Bibb County,237,1971,HCA,,ChIJhYCxJGr-84gRK_dSQps0X5I,32.846841,-83.618814,350 Hospital Drive,Georgia,31217.0,"350 Hospital Dr, Macon, GA 31217, USA",21838,385130,False
8,Coliseum Northside Hospital,Macon,Bibb County,103,1984,HCA,,ChIJ35QKcSP584gRiQKKoA2x3fU,32.8713155,-83.69459789999998,400 Charter Boulevard,Georgia,31210.0,"400 Charter Blvd, Macon, GA 31210, USA",21838,385130,False
9,"The Medical Center, Navicent Health",Macon,Bibb County,639,1895,Atrium/Navicent,,ChIJccj0KX7-84gRK3nqvH5rtFI,32.833819500000004,-83.63654439999998,777 Hemlock Street,Georgia,31201.0,"777 Hemlock St, Macon, GA 31201, USA",21838,385130,False
10,Bleckley Memorial Hospital,Cochran,Bleckley County,25,,â,,ChIJufSZq3Ju8YgRA57sJUnVeUY,32.3846628,-83.3466696,145 Peacock Street,Georgia,31014.0,"145 Peacock St, Cochran, GA 31014, USA",22125,13265,False
11,"Cancer Treatment Centers of America, Atlanta",Newnan,Coweta County,0,2012,CTCA,,ChIJpVsvHDrG9IgRoTnJMqk9gxY,33.3846018,-84.7580613,600 Celebrate Life Parkway,Georgia,30265.0,"600 Celebrate Life Pkwy, Newnan, GA 30265, USA",30791,210805,False
12,Piedmont Newnan Hospital,Newnan,Coweta County,143,,Piedmont,,ChIJcVBB8B3J9IgRp7oUvD0s4hY,33.35780160000001,-84.7551974,745 Poplar Road,Georgia,30265.0,"745 Poplar Rd, Newnan, GA 30265, USA",30791,210805,False
13,Candler County Hospital,Metter,Candler County,25,,â,,ChIJrWBLz0Ny-ogR8R0ug_DBCQw,32.4071132,-82.06570110000001,400 Cedar Street,Georgia,30439.0,"400 Cedar St, Metter, GA 30439, USA",18192,10823,False
14,Cartersville Medical Center,Cartersville,Bartow County,112,,HCA,,ChIJR0MVh-pP9YgRj3CKiKfV8J4,34.201330600000006,-84.7945608,960 Joe Frank Harris Parkway Southeast,Georgia,30120.0,"960 Joe Frank Harris Pkwy SE, Cartersville, GA 30120, USA",28639,64626,False
15,Chatuge Regional Hospital,Hiawassee,Towns County,137,,Union Regional,,ChIJv9VwMlwvX4gRInxd_l5gGEk,34.946750099999996,-83.75371249999998,110 South Main Street,Georgia,30546.0,"110 S Main St, Hiawassee, GA 30546, USA",22820,6969,False
16,Children's Healthcare of Atlanta Egleston,Atlanta,DeKalb County,0,1928,CHOA,,ChIJR4J4LPoG9YgRJLnI9mqd85c,33.79349169999999,-84.3195325,1405 East Clifton Road Northeast,Georgia,30322.0,"1405 E Clifton Rd NE, Atlanta, GA 30322, USA",35529,2358246,False
17,Emory University Hospital,Atlanta,DeKalb County,569,,Emory,,ChIJyYqdV_oG9YgRPvDOKl57PEo,33.791418799999995,-84.32040390000002,1364 Clifton Road,Georgia,30322.0,"1364 Clifton Rd, Atlanta, GA 30322, USA",35529,2358246,False
18,University Hospital,Atlanta,DeKalb County,812,1818,University Health,,ChIJyYqdV_oG9YgRPvDOKl57PEo,33.791418799999995,-84.32040390000002,1364 Clifton Road,Georgia,30322.0,"1364 Clifton Rd, Atlanta, GA 30322, USA",35529,2358246,False
19,Children's Healthcare of Atlanta Hughes Spalding,Atlanta,Fulton County,0,1952,CHOA,,ChIJE0RlP4kD9YgRf-FdJvSfWXw,33.7539006,-84.38200929999998,Jesse Hill Junior Drive Southeast Downtown Atlanta,Georgia,30303.0,"35 Jesse Hill Jr Dr SE, Atlanta, GA 30303, USA",35529,2358246,False
20,Children's Healthcare of Atlanta Scottish Rite,Atlanta,Fulton County,0,1915,CHOA,,ChIJV-6vqjQJ9YgRhvQE1FyLn-g,33.9062197,-84.35319860000001,Johnson Ferry Road Northeast Perimeter Center,Georgia,30342.0,"1001 Johnson Ferry Rd NE, Atlanta, GA 30342, USA",35529,2358246,False
21,Emory Saint Joseph's Hospital,Atlanta,Fulton County,276,1880,Emory,Formerly Saint Joseph's Hospital of Atlanta,ChIJW3epPTQJ9YgRxf9a5U20qNg,33.908422200000004,-84.34985069999998,Peachtree Dunwoody Road Perimeter Center,Georgia,30342.0,"5665 Peachtree Dunwoody Rd, Atlanta, GA 30342, USA",35529,2358246,False
22,Emory University Hospital Midtown,Atlanta,Fulton County,511,1908,Emory,Formerly Crawford W. Long Memorial Hospital,ChIJ42AWonoE9YgRonLLiSdYxtA,33.7686596,-84.3864181,Peachtree Street Northeast SoNo,Georgia,30308.0,"550 Peachtree St NE, Atlanta, GA 30308, USA",35529,2358246,False
23,Grady Memorial Hospital,Atlanta,Fulton County,961,1892,â,,ChIJ6Rc8z44D9YgR28vCVjqbUGw,33.75178499999999,-84.3820071,Jesse Hill Junior Drive Southeast Downtown Atlanta,Georgia,30303.0,"80 Jesse Hill Jr Dr SE, Atlanta, GA 30303, USA",35529,2358246,False
24,Northside Hospital Atlanta,Atlanta,Fulton County,537,1970,Northside,,ChIJj6xqLcsO9YgRxOHBb9ihhFs,33.909069099999996,-84.3533506,Johnson Ferry Road Northeast Perimeter Center,Georgia,30342.0,"1000 Johnson Ferry Rd NE, Atlanta, GA 30342, USA",35529,2358246,False
25,Piedmont Atlanta Hospital,Atlanta,Fulton County,498,,Piedmont,,ChIJZ2L4-KkF9YgRtyK-3YkszI8,33.808755299999994,-84.3955567,Peachtree Road Northwest Buckhead,Georgia,30309.0,"1968 Peachtree Rd NW, Atlanta, GA 30309, USA",35529,2358246,False
26,St. Joseph's Hospital,Atlanta,Fulton County,330,1875,SJCHS,,ChIJW3epPTQJ9YgRxf9a5U20qNg,33.908422200000004,-84.34985069999998,Peachtree Dunwoody Road Perimeter Center,Georgia,30342.0,"5665 Peachtree Dunwoody Rd, Atlanta, GA 30342, USA",35529,2358246,False
27,St. Mary's Hospital,Atlanta,Fulton County,170,,St. Mary's,,ChIJW3epPTQJ9YgRxf9a5U20qNg,33.908422200000004,-84.34985069999998,Peachtree Dunwoody Road Perimeter Center,Georgia,30342.0,"5665 Peachtree Dunwoody Rd, Atlanta, GA 30342, USA",35529,2358246,False
28,Wellstar Atlanta Medical Center,Atlanta,Fulton County,460,1901,WellStar,,ChIJH9RgbwsE9YgRCefukbDOojs,33.76290650000001,-84.37296090000001,Parkway Drive Northeast Old Fourth Ward,Georgia,30312.0,"303 Parkway Dr NE, Atlanta, GA 30312, USA",35529,2358246,False
29,Clinch Memorial Hospital,Homerville,Clinch County,25,,â,,ChIJOVUVTv_A74gRxvY6G-i6X2g,31.03406279999999,-82.76426219999998,1050 Valdosta Highway,Georgia,31634.0,"1050 Valdosta Hwy, Homerville, GA 31634, USA",20275,5622,False
30,Coffee Regional Medical Center,Douglas,Coffee County,88,,â,,ChIJLcfhrYIr8IgR0acnHrbZOcY,31.5106528,-82.8641026,1101 Ocilla Road,Georgia,31533.0,"1101 Ocilla Rd, Douglas, GA 31533, USA",20942,44863,False
31,Colquitt Regional Medical Center,Moultrie,Colquitt County,84,,â,,ChIJIWDi3Bfo7YgR_tg8O9agiQU,31.125797600000002,-83.7803079,3131 South Main Street,Georgia,31768.0,"3131 S Main St, Moultrie, GA 31768, USA",21032,45716,False
32,Crisp Regional Hospital,Cordele,Crisp County,216,,â,,ChIJqRaPg9868ogREPx8lk5K7Wc,31.9775429,-83.7813123,902 7th Street North,Georgia,31015.0,"902 7th St N, Cordele, GA 31015, USA",17401,43098,False
33,Doctors Hospital of Augusta,Augusta,Richmond County,350,,HCA,,ChIJUQsUUbHT-YgRnAog9l02vWY,33.4862825,-82.09453559999999,3651 Wheeler Road,Georgia,30909.0,"3651 Wheeler Rd, Augusta, GA 30909, USA",24369,426933,False
34,University Hospital Summerville,Augusta,Richmond County,121,1952,University Health,Formerly Trinity Hospital of Augusta,ChIJkZdVPcLN-YgRcVe9hQlppfk,33.4661721,-82.0179381,2260 Wrightsboro Road,Georgia,30904.0,"2260 Wrightsboro Rd, Augusta, GA 30904, USA",24369,426933,False
35,Augusta University Children's Hospital of Georgia,Augusta,Richmond County,154,,Augusta University,,ChIJoyV_F0jM-YgRqAe60-Abauk,33.4711383,-81.9877743,Harper Street Medical District,Georgia,30912.0,"1446 Harper St, Augusta, GA 30912, USA",24369,426933,False
36,Augusta University Medical Center,Augusta,Richmond County,478,,Augusta University,,ChIJyX-W70nM-YgRtaRCmY78n_g,33.47134919999999,-81.98789740000001,15th Street Medical District,Georgia,30912.0,"1120 15th St, Augusta, GA 30912, USA",24369,426933,False
37,Dodge County Hospital,Eastman,Dodge County,94,,â,,ChIJdz0oTxAK8YgRn2b4G99tKZ8,32.185393100000006,-83.17796330000002,901 Griffin Avenue,Georgia,31023.0,"901 Griffin Ave, Eastman, GA 31023, USA",21081,14276,False
39,Dorminy Medical Center,Fitzgerald,Ben Hill County,75,1974,â,previously Phoebe Dorminy Medical Center,ChIJ2Rmp39zp8YgR3Iam7NxuUcE,31.697478999999998,-83.2599627,200 Perry House Road,Georgia,31750.0,"200 Perry House Rd, Fitzgerald, GA 31750, USA",20822,18322,False
40,East Georgia Regional Medical Center,Statesboro,Bulloch County,150,,â,,ChIJg8R4YCVH-ogRKm5rXPqqwx0,32.4144578,-81.7704395,1499 Fair Road,Georgia,30458.0,"1499 Fair Rd, Statesboro, GA 30458, USA",16630,103639,False
41,Effingham Hospital,Springfield,Effingham County,0,1969,â,,ChIJs0bfpe-8-4gRA3iAKUxVT_M,32.3643089,-81.32048189999998,459 Georgia 119,Georgia,31329.0,"459 GA-119, Springfield, GA 31329, USA",27305,9950,False
42,Elbert Memorial Hospital,Elberton,Elbert County,52,,â,,ChIJyRlS42_N94gR6CMAx3duHO0,34.113265399999996,-82.8746791,4 Medical Drive,Georgia,30635.0,"4 Medical Dr, Elberton, GA 30635, USA",21478,14964,False
43,Emanuel Medical Center,Swainsboro,Emanuel County,94,,â,,ChIJiwDEKIqk8IgRJtwtnSxMTxM,32.592759,-82.3471716,117 Kight Road,Georgia,30401.0,"117 Kight Rd, Swainsboro, GA 30401, USA",20101,13598,False
44,Emory Decatur Hospital,Decatur,DeKalb County,628,1961,Emory,,ChIJudei5nAH9YgRT0IzRi5kGiI,33.7908318,-84.2828507,2701 North Decatur Road,Georgia,30033.0,"2701 N Decatur Rd, Decatur, GA 30033, USA",33401,302743,False
45,St. Francis Hospital,Decatur,DeKalb County,360,1950,Emory,,ChIJrzBX-3gH9YgRpeQf21LpXF4,33.795761,-84.27695399999998,Dekalb Industrial Way Greater Valley Brook,Georgia,30033.0,"625 Dekalb Industrial Way, Decatur, GA 30033, USA",33401,302743,False
46,Emory Hillandale Hospital,Lithonia,DeKalb County,100,2005,Emory,,ChIJ99FXMlSs9YgR8f6ru3JZyEU,33.7057547,-84.1479978,2801 Dekalb Medical Parkway,Georgia,30058.0,"2801 Dekalb Medical Pkwy, Lithonia, GA 30058, USA",28433,96762,False
48,Emory University Orthopaedics & Spine Hospital,Tucker,DeKalb County,0,,Emory,,ChIJKWjtUqkQ9YgR4N3RrVCKe8E,33.826251899999995,-84.2483606,1455 Montreal Road East,Georgia,30084.0,"1455 Montreal Rd E, Tucker, GA 30084, USA",33845,76968,False
49,Evans Memorial Hospital,Claxton,Evans County,209,,â,,ChIJDwv9jOdg-ogR8PUP4RBslJ0,32.16619130000001,-81.8987728,200 North River Street,Georgia,30417.0,"200 N River St, Claxton, GA 30417, USA",23948,10777,False
50,Fairview Park Hospital,Dublin,Laurens County,190,,HCA,,ChIJ00hnV80h8YgR-CDnNpspPns,32.532739,-82.9507304,200 Industrial Boulevard,Georgia,31021.0,"200 Industrial Blvd, Dublin, GA 31021, USA",21535,65748,False
51,Flint River Hospital,Montezuma,Macon County,49,,â,,ChIJUWYbh-Wz84gR79-FKWYcn-Q,32.29406969999999,-84.02999390000001,509 Sumter Street,Georgia,31063.0,"509 Sumter St, Montezuma, GA 31063, USA",18672,4928,False
52,Floyd Medical Center,Rome,Floyd County,278,,Floyd,,ChIJi7Rq8JekiogRQinBUmO28MM,34.2592219,-85.17846390000001,304 Turner McCall Boulevard,Georgia,30165.0,"304 Turner McCall Blvd, Rome, GA 30165, USA",23632,110533,False
53,Redmond Regional Medical Center,Rome,Floyd County,230,,HCA,,ChIJZxYbanmjiogRpqvQTEClF_A,34.276808200000005,-85.19488419999998,501 Redmond Road,Georgia,30165.0,"501 Redmond Rd, Rome, GA 30165, USA",23632,110533,False
54,Floyd Polk Medical Center,Cedartown,Polk County,18,,Floyd,,ChIJufAiezXAiogRCpDiPvFPt2g,34.0139172,-85.19656429999998,2360 Rockmart Highway,Georgia,30125.0,"2360 Rockmart Hwy, Cedartown, GA 30125, USA",23343,23814,False
55,Hamilton Medical Center,Dalton,Whitfield County,282,1921,â,,ChIJi34aVuJ0YIgRwf8bLkcvC2A,34.789979100000004,-84.9848301,1200 Memorial Drive,Georgia,30720.0,"1200 Memorial Dr, Dalton, GA 30720, USA",25269,163686,False
56,Higgins General Hospital,Bremen,Haralson County,25,,Tanner,,ChIJYWQnyWPYiogRnm7ZzbYKhsI,33.7168925,-85.14494429999998,200 Allen Memorial Drive,Georgia,30110.0,"200 Allen Memorial Dr, Bremen, GA 30110, USA",26211,13190,False
57,Houston Healthcare - Houston Medical Center,Warner Robins,Houston County,237,,Houston Healthcare,,ChIJWUuYi6bh84gRoP6_yC4giIg,32.6163277,-83.63124140000001,1601 Watson Boulevard,Georgia,31093.0,"1601 Watson Blvd, Warner Robins, GA 31093, USA",28877,144922,False
58,Houston Healthcare - Perry Hospital,Perry,Houston County,45,,Houston Healthcare,,ChIJS6xFU4Xb84gRODnDHzXvyAA,32.4590571,-83.71000240000001,1120 Morningside Drive,Georgia,31069.0,"1120 Morningside Dr, Perry, GA 31069, USA",25963,20167,False
59,Irwin County Hospital,Ocilla,Irwin County,34,,â,,ChIJKxuQ74nn8YgRaGMYifM8ly4,31.6033848,-83.2513457,710 North Irwin Avenue,Georgia,31774.0,"710 N Irwin Ave, Ocilla, GA 31774, USA",17566,6737,False
60,Jasper Memorial Hospital,Monticello,Jasper County,17,,,,ChIJsVV_tC8i9IgRAlKZNzp-g70,33.3144199,-83.68651009999999,898 College Street,Georgia,31064.0,"898 College St, Monticello, GA 31064, USA",22079,9071,False
61,Jeff Davis Hospital,Hazlehurst,Jeff Davis County,25,,â,,ChIJ6S2zZ4FB8IgRqyjs6aCntzU,31.85704,-82.6074229,163 South Tallahassee Street,Georgia,31539.0,"163 S Tallahassee St, Hazlehurst, GA 31539, USA",21532,14645,False
62,Jenkins County Medical Center,Millen,Jenkins County,25,,â,Formerly Optim Medical Center - Jenkins,ChIJRR6j-BYe-ogRpdBfmMJlWYw,32.8042804,-81.93440090000001,931 East Winthrope Avenue,Georgia,30442.0,"931 E Winthrope Ave, Millen, GA 30442, USA",17210,7617,False
63,Liberty Regional Medical Center,Hinesville,Liberty County,25,1961,â,,ChIJPVTG4Xfk-ogRgYqvtayCISw,31.8394772,-81.60097549999998,462 Elma G Miles Parkway,Georgia,31313.0,"462 Elma G Miles Pkwy, Hinesville, GA 31313, USA",28303,81832,False
65,Meadows Regional Medical Center,Vidalia,Toombs County,122,,â,,ChIJB-zIEqaI8IgRwu2K8HbMKAk,32.2091036,-82.3757392,1 Meadows Parkway,Georgia,30474.0,"1 Meadows Pkwy, Vidalia, GA 30474, USA",21886,16665,False
66,Medical Center of Peach County,Byron,Peach County,0,1953/2013,Atrium/Navicent,,ChIJhQByrNnB84gRVJmygAxHzmk,32.604915399999996,-83.75933559999999,1960 Georgia 247 Connector,Georgia,31008.0,"1960 GA-247CONN, Byron, GA 31008, USA",31807,18381,False
68,Memorial Satilla Health,Waycross,Ware County,345,,HCA,"formerly Mayo Clinic Health System in Waycross, previously Satilla Regional Medical Center",ChIJHUznLYf674gR0sU7ZBx9V1M,31.225119199999998,-82.3480412,1900 Tebeau Street,Georgia,31501.0,"1900 Tebeau St, Waycross, GA 31501, USA",23209,50550,False
70,Monroe County Hospital,Forsyth,Monroe County,25,,Navicent Partner,,ChIJfc9fBFtz9IgRZ9FQSuA2dW0,33.0314778,-83.9453995,88 Martin Luther King Junior Drive,Georgia,31029.0,"88 Martin Luther King Jr Dr, Forsyth, GA 31029, USA",25070,16459,False
71,Morgan Medical Center,Madison,Morgan County,46,,â,Formerly Morgan Memorial Hospital,ChIJ9w0kVeuH9ogRjgYxzKEaUSo,33.569366200000005,-83.47203069999998,1740 Lions Club Road,Georgia,30650.0,"1740 Lions Club Rd, Madison, GA 30650, USA",28750,12063,False
72,Navicent Health Baldwin,Milledgeville,Baldwin County,140,,Atrium/Navicent,formerly Oconee Regional Medical Center,ChIJWeo-JuHH9ogRA-irUFcLAec,33.0896828,-83.2453926,821 North Cobb Street,Georgia,31061.0,"821 N Cobb St, Milledgeville, GA 31061, USA",18000,44261,False
73,Northeast Georgia Medical Center Gainesville,Gainesville,Hall County,557,1951,NGMC,,ChIJu425Mff29YgRlANVFgFPZzE,34.303933799999996,-83.8157729,743 Spring Street Northeast,Georgia,30501.0,"743 Spring St NE, Gainesville, GA 30501, USA",25534,160768,False
74,Northeast Georgia Medical Center Barrow,Winder,Barrow County,80,1951,NGMC,Formerly Barrow Regional Medical Center,ChIJ9-jdmm_n9YgRbzx065u0s6Q,34.0081396,-83.70777259999998,316 North Broad Street,Georgia,30680.0,"316 N Broad St, Winder, GA 30680, USA",26214,42975,False
75,Northeast Georgia Medical Center Braselton,Braselton,Hall County,100,2015,NGMC,Formerly River Place Braselton,ChIJNbCdyZru9YgRsl32junsBN4,34.120048,-83.83809690000001,1400 River Place,Georgia,30517.0,"1400 River Pl, Braselton, GA 30517, USA",37419,14657,False
76,Northeast Georgia Medical Center Lumpkin,Dahlonega,Lumpkin County,49,,NGMC,facility was previously Chestatee Regional Hospital,ChIJZ0ACOptnX4gRWbwEZPlRNV4,34.5229731,-83.97576109999999,227 Mountain Drive,Georgia,30533.0,"227 Mountain Dr, Dahlonega, GA 30533, USA",22180,53366,False
77,Northridge Medical Center,Commerce,Jackson County,239,,â,,ChIJ4y_Nul4E9ogRNp14C3hJthg,34.2192326,-83.46840959999999,70 Medical Center Drive,Georgia,30529.0,"70 Medical Center Dr, Commerce, GA 30529, USA",25649,29200,False
78,Northside Hospital Cherokee,Canton,Cherokee County,158,1962,Northside,,ChIJpzNA3K1l9YgR82VVbj9Td2g,34.22934740000001,-84.46654989999998,450 Northside Cherokee Boulevard,Georgia,30115.0,"450 Northside Cherokee Blvd, Canton, GA 30115, USA",34793,94315,False
79,Northside Hospital Duluth,Duluth,Gwinnett County,0,1944,Northside,Formerly Gwinnett Medical Center-Duluth,ChIJV25bIW2i9YgRw6nzzvOr02I,34.0001637,-84.163558,3620 Howell Ferry Road Northwest,Georgia,30096.0,"3620 Howell Ferry Rd NW, Duluth, GA 30096, USA",37753,412551,False
80,Northside Hospital Forsyth,Cumming,Forsyth County,304,,Northside,,ChIJndk3udma9YgRmd0FILa5_DM,34.1780271,-84.1407069,1200 Northside Forsyth Drive,Georgia,30041.0,"1200 Northside Forsyth Dr, Cumming, GA 30041, USA",41386,162019,False
81,Northside Hospital Gwinnett,Lawrenceville,Gwinnett County,576,1959,Northside,formerly Gwinnett Medical Center-Lawrenceville,ChIJCQA6O4C-9YgRwzbhPR7tHUI,33.9631697,-84.01749090000001,1000 Medical Center Boulevard,Georgia,30046.0,"1000 Medical Center Blvd, Lawrenceville, GA 30046, USA",31013,344152,False
82,Optim Medical Center - Screven,Sylvania,Screven County,0,,Optim,,ChIJ43a37gEp-ogRYXG9Xfv-mGw,32.7498791,-81.64680709999998,215 Mims Road,Georgia,30467.0,"215 Mims Rd, Sylvania, GA 30467, USA",22345,12070,False
83,Optim Medical Center - Tattnall,Reidsville,Tattnall County,0,,Optim,previously Doctors Hospital of Tattnall,ChIJLZ964DuH-ogRgN4c2iIngI8,32.0805406,-82.10897849999998,247 South Main Street,Georgia,30453.0,"247 S Main St, Reidsville, GA 30453, USA",14460,21550,False
84,Phoebe Putney Memorial Hospital,Albany,Dougherty County,420,1911,Phoebe,,ChIJz2fdPtl78ogRmBBAmMeQr5A,31.590934000000004,-84.15786700000001,417 3rd Avenue West,Georgia,31701.0,"417 3rd Ave W, Albany, GA 31701, USA",20778,225943,False
85,Phoebe Putney Memorial Hospital - North Campus,Albany,Dougherty County,248,1971,Phoebe,formerly Palmyra Medical Center,ChIJ3yDUnut78ogRuJEtM2bq9bA,31.6063022,-84.1689281,2000 Palmyra Road,Georgia,31701.0,"2000 Palmyra Rd, Albany, GA 31701, USA",20778,225943,False
86,Phoebe Sumter Medical Center,Americus,Sumter County,76,1952/2011,Phoebe,,ChIJL4GQ3elX8ogRUDrGxodiFyY,32.06690460000001,-84.25558840000001,126 U.S. 280,Georgia,31719.0,"126 US-280, Americus, GA 31719, USA",21422,24804,False
87,Phoebe Worth Medical Center,Sylvester,Worth County,25,,Phoebe,,ChIJwWEL7IQJ8ogRTMAwzjXHREg,31.511806099999998,-83.8403001,807 South Isabella Street,Georgia,31791.0,"807 S Isabella St, Sylvester, GA 31791, USA",23805,12138,False
88,Piedmont Athens Regional,Athens,Clarke County,350,1919,Piedmont,Formerly Athens Regional Medical Center,ChIJx6REsTht9ogRarSpPB_uhR4,33.9613926,-83.39796729999998,1199 Prince Avenue,Georgia,30606.0,"1199 Prince Ave, Athens, GA 30606, USA",14474,218625,False
89,Piedmont Columbus Regional - Midtown,Columbus,Muscogee County,583,1982,Piedmont,Formerly Midtown Medical Center,ChIJO73PkM_NjIgR9BqzLSabVsM,32.4802456,-84.9824948,710 Center Street,Georgia,31901.0,"710 Center St, Columbus, GA 31901, USA",21683,484593,False
90,Piedmont Columbus Regional - Northside,Columbus,Muscogee County,100,,Piedmont,facility was previously Jack Hughston Memorial Hospital [4],ChIJU_E0e1rLjIgRUNL3PnI_vc4,32.534584,-84.95118199999999,100 Frist Court,Georgia,31909.0,"100 Frist Ct, Columbus, GA 31909, USA",21683,484593,False
91,Piedmont Fayette Hospital,Fayetteville,Fayette County,300,,Piedmont,,ChIJZfvWaSfv9IgRO0Er_vksXXU,33.4527476,-84.5081318,1255 Highway 54 West,Georgia,30214.0,"1255 Hwy 54 W, Fayetteville, GA 30214, USA",36318,66058,False
92,Piedmont Mountainside Hospital,Jasper,Pickens County,35,,Piedmont,,ChIJYY_e2pmIX4gRm7F9jNiSS2U,34.445617999999996,-84.4481517,1266 Georgia 515,Georgia,30143.0,"1266 GA-515, Jasper, GA 30143, USA",30317,21487,False
93,Piedmont Newton Hospital,Covington,Newton County,97,1954,Piedmont,"Joined Piedmont Healthcare October 1, 2015[5]; Formerly Newton Medical Center",ChIJH9lU1_Y09IgR9XQ2zbkDfas,33.6013604,-83.8478329,5126 Hospital Drive Northeast,Georgia,30014.0,"5126 Hospital Dr NE, Covington, GA 30014, USA",25200,131132,False
94,Piedmont Rockdale Hospital,Conyers,Rockdale County,138,,Piedmont,formerly Rockdale Medical Center,ChIJuSz3VZe09YgRDST4yZ0r8CQ,33.680682,-84.00149180000003,1412 Milstead Avenue Northeast,Georgia,30012.0,"1412 Milstead Ave NE, Conyers, GA 30012, USA",29512,88901,False
95,Piedmont Walton Hospital,Monroe,Walton County,135,,Piedmont,formerly Clearview Regional Medical Center,ChIJaRUeC_fQ9YgR233yHfGn51k,33.79880929999999,-83.75027109999998,2151 West Spring Street,Georgia,30655.0,"2151 W Spring St, Monroe, GA 30655, USA",27809,41339,False
96,Putnam General Hospital,Eatonton,Putnam County,25,,Navicent Partner,,ChIJs7uOmNuW9ogRM349HrEZnXI,33.3356127,-83.37114910000003,101 Lake Oconee Parkway,Georgia,31024.0,"101 Lake Oconee Pkwy, Eatonton, GA 31024, USA",26389,20438,False
97,South Georgia Medical Center,Valdosta,Lowndes County,335,1955,SGMC,,ChIJ66lsp6ln7ogRevC7JIyEYdI,30.8616385,-83.2861741,2501 North Patterson Street,Georgia,31602.0,"2501 N Patterson St, Valdosta, GA 31602, USA",20937,164023,False
98,South Georgia Medical Center Berrien,Nashville,Berrien County,51,1965,SGMC,Formerly Berrien County Hospital,ChIJm5u1EpI97ogRJUmO7M4AcSU,31.203059999999997,-83.238716,1221 East Mcpherson Avenue,Georgia,31639.0,"1221 E Mcpherson Ave, Nashville, GA 31639, USA",21910,10237,False
99,South Georgia Medical Center Lanier,Lakeland,Lanier County,25,1950,SGMC,Formerly Louis Smith Memorial Hospital,ChIJr4y6kdBH7ogRNZFs0czCyEc,31.04234200000001,-83.086298,116 West Thigpen Avenue,Georgia,31635.0,"116 W Thigpen Ave, Lakeland, GA 31635, USA",20662,6602,False
100,Southeast Georgia Health System Brunswick,Brunswick,Glynn County,316,1866/1955,SGHS,,ChIJ1-_OK5DX5IgRdflE39bCudw,31.175415,-81.48448590000001,2415 Parkwood Drive,Georgia,31520.0,"2415 Parkwood Dr, Brunswick, GA 31520, USA",22952,90401,False
102,Southern Regional Medical Center,Riverdale,Clayton County,331,1971,â,,ChIJRTfSZYf79IgROf81g6_n6Ik,33.5793831,-84.3896726,11 Upper Riverdale Road,Georgia,30274.0,"11 Upper Riverdale Rd, Riverdale, GA 30274, USA",24951,64018,False
103,Southwell Medical Center,Adel,Cook County,60,2019,Southwell,replaced Cook Medical Center,ChIJi04_F4EN7ogR9azyo4HRENU,31.1087864,-83.4267703,260 M J Taylor Road,Georgia,31620.0,"260 M J Taylor Rd, Adel, GA 31620, USA",25632,10836,False
104,Southwell Tift Regional Medical Center,Tifton,Tift County,181,1965,Southwell,,ChIJty7M0_P98YgRxER4yfdK-_0,31.471027799999998,-83.49113969999998,901 18th Street,Georgia,31794.0,"901 18th St, Tifton, GA 31794, USA",25598,36948,False
106,St. Mary's Good Samaritan Hospital,Greensboro,Greene County,25,,St. Mary's,,ChIJKYKV_9D19ogRqw0G2t8nSz0,33.4814149,-83.2421769,5401 Lake Oconee Parkway,Georgia,30642.0,"5401 Lake Oconee Pkwy, Greensboro, GA 30642, USA",28823,11949,False
107,St. Mary's Sacred Heart Hospital,Lavonia,Franklin County,56,,St. Mary's,formerly Ty Cobb Regional Medical Center,ChIJy47AHbCbWIgR3ABU0UH--bI,34.4405739,-83.1317579,367 Clear Creek Drive,Georgia,30553.0,"367 Clear Creek Dr, Lavonia, GA 30553, USA",23650,7994,False
108,Stephens County Hospital,Toccoa,Stephens County,96,,â,,ChIJYd5YCFi5WIgRmg1mIwWVKIU,34.5929016,-83.3479768,163 Hospital Road,Georgia,30577.0,"163 Hospital Rd, Toccoa, GA 30577, USA",20782,42408,False
109,Tanner Medical Center Carrollton,Carrollton,Carroll County,201,1949,Tanner,,ChIJla3puAgvi4gRvcfXoTSjZJM,33.5697063,-85.0743578,705 Dixie Street,Georgia,30117.0,"705 Dixie St, Carrollton, GA 30117, USA",18315,97491,False
110,Tanner Medical Center Villa Rica,Villa Rica,Carroll County,80,1955/2003,Tanner,,ChIJLeUeBRkr9YgRnP7T9_KqCgg,33.744505600000004,-84.9167497,601 Dallas Highway,Georgia,30180.0,"601 Dallas Hwy, Villa Rica, GA 30180, USA",31256,37325,False
111,Taylor Regional Hospital,Hawkinsville,Pulaski County,55,1936,â,,ChIJ_2D6gIrX84gRzcPaLDIpARI,32.296372999999996,-83.48411639999998,222 Perry Highway,Georgia,31036.0,"222 Perry Hwy, Hawkinsville, GA 31036, USA",22063,12322,False
112,Union General Hospital,Blairsville,Union County,45,1959,Union Regional,,ChIJjWZD7IgXX4gR__9EVe5emBc,34.8859816,-83.96260509999998,35 Hospital Road,Georgia,30512.0,"35 Hospital Rd, Blairsville, GA 30512, USA",24412,42160,False
113,University Hospital McDuffie,Thomson,McDuffie County,25,,University Health,Formerly McDuffie Regional Medical Center,ChIJ-2cJIphz94gRcqrR6rDI6Kg,33.523061,-82.50182029999998,2460 Washington Road,Georgia,30824.0,"2460 Washington Rd, Thomson, GA 30824, USA",21449,17025,False
114,Upson Regional Medical Center,Thomaston,Upson County,120,,â,,ChIJc5dLsJV-84gRpOVOMhpTcKg,32.8858696,-84.33678540000001,801 West Gordon Street,Georgia,30286.0,"801 W Gordon St, Thomaston, GA 30286, USA",22114,22085,False
115,Warm Springs Medical Center,Warm Springs,Meriwether County,104,1957,â,,ChIJxU4xorFe84gR0xfv0kjlFpk,32.8893309,-84.68321800000001,5995 Spring Street,Georgia,31830.0,"5995 Spring St, Warm Springs, GA 31830, USA",16714,2571,False
116,Washington County Regional Medical Center,Sandersville,Washington County,116,1961,â,,ChIJjbK7_cUu94gR775aF55a_zE,32.9959208,-82.80407840000001,610 Sparta Road,Georgia,31082.0,"610 Sparta Rd, Sandersville, GA 31082, USA",22395,9636,False
117,Wayne Memorial Hospital,Jesup,Wayne County,115,1896,â,,ChIJufklTPS4-ogRUylFvMwF_jc,31.6008418,-81.90010939999998,865 South 1st Street,Georgia,31545.0,"865 S 1st St, Jesup, GA 31545, USA",20779,39961,False
118,WellStar Cobb Hospital,Austell,Cobb County,368,,WellStar,,ChIJW4JGDyI39YgRLF1itT32KfI,33.85702980000001,-84.60479620000001,3950 Austell Road Southwest,Georgia,30106.0,"3950 Austell Rd SW, Austell, GA 30106, USA",27179,48043,False
119,WellStar Douglas Hospital,Douglasville,Douglas County,102,1946,WellStar,,ChIJsWWRGvgm9YgRf8NGAxYeVlc,33.7389784,-84.7318315,8954 Hospital Drive,Georgia,30134.0,"8954 Hospital Dr, Douglasville, GA 30134, USA",30083,220496,False
120,WellStar Kennestone Hospital,Marietta,Cobb County,633,,WellStar,,ChIJQVepTEYU9YgRoKS935JAFIM,33.96986570000001,-84.55178719999998,677 Church Street,Georgia,30060.0,"677 Church St, Marietta, GA 30060, USA",35210,640927,False
121,WellStar North Fulton Hospital,Roswell,Fulton County,202,1983,WellStar,Formerly North Fulton Regional Hospital,ChIJAURpBvl09YgR8laXHFf66_4,34.062673100000005,-84.32048409999999,3000 Hospital Boulevard,Georgia,30076.0,"3000 Hospital Blvd, Roswell, GA 30076, USA",40065,146212,False
122,WellStar Paulding Hospital,Hiram,Paulding County,216,1954,WellStar,,ChIJMzJn-How9YgRhhfE1kXnu30,33.901053000000005,-84.7816248,2518 Jimmy Lee Smith Parkway,Georgia,30141.0,"2518 Jimmy Lee Smith Pkwy, Hiram, GA 30141, USA",31176,23326,False
123,WellStar Spalding Regional Hospital,Griffin,Spalding County,160,,WellStar,Formerly Spalding Regional Medical Center,ChIJyexMgeBh9IgRxUd1HX227ns,33.2393061,-84.2672705,601 South 8th Street,Georgia,30224.0,"601 S 8th St, Griffin, GA 30224, USA",23932,62128,False
124,WellStar Sylvan Grove Hospital,Jackson,Butts County,21,,WellStar,,ChIJB5o2d9JB9IgRr-4NjnGt52c,33.3038136,-83.97775999999998,1050 McDonough Road,Georgia,30233.0,"1050 McDonough Rd, Jackson, GA 30233, USA",24625,23245,False
126,Wills Memorial Hospital,Washington,Wilkes County,25,1924,â,,ChIJaf2Qfo-v94gRgVuzIsowsPY,33.72862539999999,-82.74252109999998,120 Gordon Street,Georgia,30673.0,"120 Gordon St, Washington, GA 30673, USA",19859,7626,False
127,Candler Hospital,Savannah,Chatham County,384,1804,SJCHS,"Oldest hospital in Georgia, and second oldest in continuous operation in the U.S.",ChIJpb2fD5N1-4gRM-PXE90FV6c,32.0278294,-81.1001261,Reynolds Street Midtown,Georgia,31405.0,"5353 Reynolds St, Savannah, GA 31405, USA",26070,489435,False
128,Memorial Health University Medical Center,Savannah,Chatham County,654,1955,HCA,,ChIJ58O7Xe51-4gR1iUiqWi29js,32.030295,-81.088798,Waters Avenue Midtown,Georgia,31404.0,"4700 Waters Ave, Savannah, GA 31404, USA",26070,489435,False
129,CHI Memorial Hospital Georgia,Fort Oglethorpe,Catoosa County,36,,CHI,"Formerly Cornerstone Medical Center, previously Hutcheson Medical Center",ChIJoSI7iAdoYIgRYFrfQLt3nOA,34.9469261,-85.26400090000001,Gross Crescent Circle,Georgia,30742.0,"100 Gross Crescent, Fort Oglethorpe, GA 30742, USA",24406,7842,False
131,Fannin Regional Hospital,Blue Ridge,Fannin County,50,,â,,ChIJN7SfeV2vX4gRu5N9mgngcXo,34.91773480000001,-84.3743296,2855 Old Highway 5,Georgia,30513.0,"2855 Old Hwy 5 North, Blue Ridge, GA 30513, USA",26086,11753,False
132,Habersham Medical Center,Demorest,Habersham County,137,,â,,ChIJZ-CjEsfaWIgRY0GR2c3TCfo,34.581043799999996,-83.53708859999998,541 Historic Hwy,Georgia,30535.0,"541 Historic Hwy #441-N, Demorest, GA 30535, USA",24391,7431,False
137,,Abbeville,,0,,,,,,,,,,,20880,4563,False
138,,Acworth,,0,,,,,,,,,,,33711,99683,False
139,,Adairsville,,0,,,,,,,,,,,24570,16138,False
140,,Adrian,,0,,,,,,,,,,,19562,3071,False
141,,Ailey,,0,,,,,,,,,,,26628,1715,False
142,,Alamo,,0,,,,,,,,,,,28321,4766,False
143,,Alapaha,,0,,,,,,,,,,,23214,1972,False
144,,Allenhurst,,0,,,,,,,,,,,23444,4006,False
145,,Allentown,,0,,,,,,,,,,,19375,88,False
146,,Alma,,0,,,,,,,,,,,20124,9914,False
147,,Alpharetta,,0,,,,,,,,,,,53503,229248,False
148,,Alston,,0,,,,,,,,,,,26786,69,False
149,,Alto,,0,,,,,,,,,,,20189,9042,False
150,,Ambrose,,0,,,,,,,,,,,21716,2131,False
151,,Andersonville,,0,,,,,,,,,,,18912,967,False
152,,Appling,,0,,,,,,,,,,,23555,6147,False
153,,Arabi,,0,,,,,,,,,,,21425,1084,False
154,,Aragon,,0,,,,,,,,,,,25169,4960,False
155,,Argyle,,0,,,,,,,,,,,15833,113,False
156,,Armuchee,,0,,,,,,,,,,,30729,1776,False
157,,Arnoldsville,,0,,,,,,,,,,,22368,1277,False
158,,Ashburn,,0,,,,,,,,,,,22190,5866,False
159,,Auburn,,0,,,,,,,,,,,26042,15428,False
160,,Avera,,0,,,,,,,,,,,24306,965,False
161,,Avondale Estates,,0,,,,,,,,,,,35693,5920,False
162,,Axson,,0,,,,,,,,,,,24761,1468,False
163,,Baconton,,0,,,,,,,,,,,22798,2960,False
164,,Baldwin,,0,,,,,,,,,,,25438,4009,False
165,,Ball Ground,,0,,,,,,,,,,,33798,14606,False
166,,Barnesville,,0,,,,,,,,,,,18894,12940,False
167,,Barney,,0,,,,,,,,,,,19658,972,False
168,,Bartow,,0,,,,,,,,,,,19507,1805,False
169,,Barwick,,0,,,,,,,,,,,22176,296,False
170,,Baxley,,0,,,,,,,,,,,20967,32494,False
171,,Bellville,,0,,,,,,,,,,,23948,10777,False
172,,Berlin,,0,,,,,,,,,,,20714,496,False
173,,Bethlehem,,0,,,,,,,,,,,31686,13644,False
174,,Bishop,,0,,,,,,,,,,,39174,5726,False
175,,Blackshear,,0,,,,,,,,,,,21948,14541,False
176,,Bloomingdale,,0,,,,,,,,,,,27154,8139,False
177,,Blythe,,0,,,,,,,,,,,24571,2735,False
178,,Bogart,,0,,,,,,,,,,,31600,11803,False
179,,Bolingbroke,,0,,,,,,,,,,,35734,34305,False
180,,Bonaire,,0,,,,,,,,,,,40557,17530,False
181,,Boneville,,0,,,,,,,,,,,19427,4499,False
182,,Boston,,0,,,,,,,,,,,23785,3211,False
183,,Bostwick,,0,,,,,,,,,,,17714,130,False
184,,Bowdon,,0,,,,,,,,,,,21243,7351,False
185,,Bowdon Junction,,0,,,,,,,,,,,21845,35575,False
186,,Bowersville,,0,,,,,,,,,,,21774,2012,False
187,,Bowman,,0,,,,,,,,,,,23739,3256,False
188,,Box Springs,,0,,,,,,,,,,,22345,3240,False
189,,Bristol,,0,,,,,,,,,,,20565,927,False
190,,Brookfield,,0,,,,,,,,,,,22670,27308,False
191,,Brooklet,,0,,,,,,,,,,,30633,6161,False
192,,Brooks,,0,,,,,,,,,,,35662,2864,False
193,,Broxton,,0,,,,,,,,,,,25177,3474,False
194,,Buchanan,,0,,,,,,,,,,,24277,6649,False
195,,Buckhead,,0,,,,,,,,,,,26886,2140,False
196,,Buena Vista,,0,,,,,,,,,,,21835,5487,False
197,,Buford,,0,,,,,,,,,,,34867,151791,False
198,,Butler,,0,,,,,,,,,,,23952,4476,False
199,,Byromville,,0,,,,,,,,,,,18878,1132,False
200,,Cadwell,,0,,,,,,,,,,,16112,1317,False
201,,Camak,,0,,,,,,,,,,,32708,70,False
202,,Canon,,0,,,,,,,,,,,18854,5179,False
203,,Carlton,,0,,,,,,,,,,,21594,2393,False
204,,Carnesville,,0,,,,,,,,,,,25852,5042,False
205,,Cassville,,0,,,,,,,,,,,28140,41253,False
206,,Cataula,,0,,,,,,,,,,,33027,5865,False
207,,Cave Spring,,0,,,,,,,,,,,27203,2896,False
208,,Cecil,,0,,,,,,,,,,,20703,247,False
209,,Centerville,,0,,,,,,,,,,,34868,6464,False
210,,Chauncey,,0,,,,,,,,,,,23958,694,False
211,,Cherrylog,,0,,,,,,,,,,,23906,897,False
212,,Chester,,0,,,,,,,,,,,24198,3099,False
213,,Chestnut Mountain,,0,,,,,,,,,,,33127,37056,False
214,,Chickamauga,,0,,,,,,,,,,,25303,15956,False
215,,Chula,,0,,,,,,,,,,,26181,1319,False
216,,Cisco,,0,,,,,,,,,,,33011,234,False
217,,Clarkdale,,0,,,,,,,,,,,34615,67688,False
218,,Clarkesville,,0,,,,,,,,,,,25393,12230,False
219,,Clarkston,,0,,,,,,,,,,,20929,24137,False
220,,Clayton,,0,,,,,,,,,,,19946,7305,False
221,,Clermont,,0,,,,,,,,,,,26373,4377,False
222,,Cleveland,,0,,,,,,,,,,,25071,24761,False
223,,Clinchfield,,0,,,,,,,,,,,22063,12322,False
224,,Clyo,,0,,,,,,,,,,,26986,2621,False
225,,Cobb,,0,,,,,,,,,,,15755,715,False
226,,Cobbtown,,0,,,,,,,,,,,22266,845,False
227,,Cohutta,,0,,,,,,,,,,,31602,7154,False
228,,Colbert,,0,,,,,,,,,,,26875,6874,False
229,,Collins,,0,,,,,,,,,,,22727,3322,False
230,,Comer,,0,,,,,,,,,,,22107,4735,False
231,,Concord,,0,,,,,,,,,,,31576,3609,False
232,,Conley,,0,,,,,,,,,,,27808,9230,False
233,,Coolidge,,0,,,,,,,,,,,24940,1935,False
234,,Coosa,,0,,,,,,,,,,,24184,41961,False
235,,Cornelia,,0,,,,,,,,,,,25113,10818,False
236,,Cotton,,0,,,,,,,,,,,22604,9998,False
237,,Crandall,,0,,,,,,,,,,,26672,3551,False
238,,Crawford,,0,,,,,,,,,,,21301,2264,False
239,,Crawfordville,,0,,,,,,,,,,,19830,1647,False
240,,Culloden,,0,,,,,,,,,,,20720,2033,False
241,,Cusseta,,0,,,,,,,,,,,21033,2431,False
242,,Dacula,,0,,,,,,,,,,,38465,49262,False
243,,Daisy,,0,,,,,,,,,,,18750,121,False
244,,Dallas,,0,,,,,,,,,,,32294,89783,False
245,,Danielsville,,0,,,,,,,,,,,26681,9227,False
246,,Danville,,0,,,,,,,,,,,20712,1913,False
247,,Darien,,0,,,,,,,,,,,23883,5983,False
248,,Davisboro,,0,,,,,,,,,,,7448,2674,False
249,,Dawsonville,,0,,,,,,,,,,,30879,28843,False
250,,De Soto,,0,,,,,,,,,,,9976,444,False
251,,Dearing,,0,,,,,,,,,,,19427,4499,False
252,,Denton,,0,,,,,,,,,,,19412,650,False
253,,Dewy Rose,,0,,,,,,,,,,,19906,1802,False
254,,Dexter,,0,,,,,,,,,,,23851,2035,False
255,,Dillard,,0,,,,,,,,,,,21918,1534,False
256,,Dixie,,0,,,,,,,,,,,39050,732,False
257,,Doerun,,0,,,,,,,,,,,25365,2791,False
258,,Dover,,0,,,,,,,,,,,22345,12070,False
259,,Dry Branch,,0,,,,,,,,,,,18750,1688,False
260,,Du Pont,,0,,,,,,,,,,,19868,560,False
261,,Dudley,,0,,,,,,,,,,,27457,1715,False
262,,East Ellijay,,0,,,,,,,,,,,24587,7843,False
263,,Eastanollee,,0,,,,,,,,,,,22088,3120,False
264,,Eden,,0,,,,,,,,,,,18750,908,False
265,,Elko,,0,,,,,,,,,,,51757,866,False
266,,Ellabell,,0,,,,,,,,,,,26737,7114,False
267,,Ellaville,,0,,,,,,,,,,,27406,5180,False
268,,Ellenton,,0,,,,,,,,,,,11131,156,False
269,,Ellenwood,,0,,,,,,,,,,,31439,41782,False
270,,Ellerslie,,0,,,,,,,,,,,29924,3215,False
271,,Ellijay,,0,,,,,,,,,,,22275,20169,False
272,,Emerson,,0,,,,,,,,,,,24091,1807,False
273,,Enigma,,0,,,,,,,,,,,22908,2649,False
274,,Epworth,,0,,,,,,,,,,,23077,1580,False
275,,Esom Hill,,0,,,,,,,,,,,23343,23814,False
276,,Eton,,0,,,,,,,,,,,24457,33460,False
277,,Evans,,0,,,,,,,,,,,41069,45542,False
278,,Experiment,,0,,,,,,,,,,,20181,36986,False
279,,Fairburn,,0,,,,,,,,,,,30412,32729,False
280,,Fairmount,,0,,,,,,,,,,,28901,4143,False
281,,Fargo,,0,,,,,,,,,,,25509,415,False
282,,Farmington,,0,,,,,,,,,,,37228,18337,False
283,,Felton,,0,,,,,,,,,,,24277,6649,False
284,,Fleming,,0,,,,,,,,,,,19800,923,False
285,,Flintstone,,0,,,,,,,,,,,21244,4646,False
286,,Flovilla,,0,,,,,,,,,,,15399,2376,False
287,,Flowery Branch,,0,,,,,,,,,,,33127,37056,False
288,,Folkston,,0,,,,,,,,,,,22647,10970,False
289,,Forest Park,,0,,,,,,,,,,,20175,56154,False
290,,Fort Benning,,0,,,,,,,,,,,21263,36220,False
291,,Fort Stewart,,0,,,,,,,,,,,27002,9275,False
292,,Fort Valley,,0,,,,,,,,,,,18661,17701,False
293,,Fortson,,0,,,,,,,,,,,41761,6961,False
294,,Franklin,,0,,,,,,,,,,,25124,9144,False
295,,Franklin Springs,,0,,,,,,,,,,,19505,9077,False
296,,Funston,,0,,,,,,,,,,,21032,22858,False
297,,Garfield,,0,,,,,,,,,,,25313,1339,False
298,,Gay,,0,,,,,,,,,,,31030,1628,False
299,,Geneva,,0,,,,,,,,,,,15083,245,False
300,,Gibson,,0,,,,,,,,,,,23345,1906,False
301,,Gillsville,,0,,,,,,,,,,,24277,4853,False
302,,Girard,,0,,,,,,,,,,,20893,782,False
303,,Glennville,,0,,,,,,,,,,,23832,12301,False
304,,Glenwood,,0,,,,,,,,,,,19120,2783,False
305,,Good Hope,,0,,,,,,,,,,,30071,1957,False
306,,Gordon,,0,,,,,,,,,,,23844,6213,False
307,,Gough,,0,,,,,,,,,,,26652,2024,False
308,,Gracewood,,0,,,,,,,,,,,16385,394,False
309,,Grantville,,0,,,,,,,,,,,26820,5375,False
310,,Gray,,0,,,,,,,,,,,31832,15113,False
311,,Grayson,,0,,,,,,,,,,,39645,24416,False
312,,Greenville,,0,,,,,,,,,,,20864,4116,False
313,,Grovetown,,0,,,,,,,,,,,33210,44065,False
314,,Guyton,,0,,,,,,,,,,,35947,20297,False
315,,Haddock,,0,,,,,,,,,,,32917,1815,False
316,,Hagan,,0,,,,,,,,,,,19018,210,False
317,,Hahira,,0,,,,,,,,,,,26817,12958,False
318,,Hamilton,,0,,,,,,,,,,,30356,6272,False
319,,Hampton,,0,,,,,,,,,,,29129,42259,False
320,,Haralson,,0,,,,,,,,,,,34839,15245,False
321,,Hardwick,,0,,,,,,,,,,,21715,43762,False
322,,Harlem,,0,,,,,,,,,,,24462,8538,False
323,,Harrison,,0,,,,,,,,,,,28586,1261,False
324,,Hartsfield,,0,,,,,,,,,,,32902,791,False
325,,Hartwell,,0,,,,,,,,,,,21124,16009,False
326,,Helen,,0,,,,,,,,,,,28750,698,False
327,,Helena,,0,,,,,,,,,,,16687,4619,False
328,,Hephzibah,,0,,,,,,,,,,,25155,40347,False
329,,High Shoals,,0,,,,,,,,,,,39174,5726,False
330,,Hillsboro,,0,,,,,,,,,,,28059,566,False
331,,Hoboken,,0,,,,,,,,,,,22297,3170,False
332,,Hogansville,,0,,,,,,,,,,,21308,9470,False
333,,Holly Springs,,0,,,,,,,,,,,37370,41105,False
334,,Homer,,0,,,,,,,,,,,20156,3209,False
335,,Hortense,,0,,,,,,,,,,,21034,4292,False
336,,Hoschton,,0,,,,,,,,,,,36589,18630,False
337,,Hull,,0,,,,,,,,,,,28611,6506,False
338,,Ideal,,0,,,,,,,,,,,14451,689,False
339,,Ila,,0,,,,,,,,,,,26681,9227,False
340,,Irwinton,,0,,,,,,,,,,,22485,1477,False
341,,Irwinville,,0,,,,,,,,,,,17566,6737,False
342,,Jacksonville,,0,,,,,,,,,,,20139,778,False
343,,Jefferson,,0,,,,,,,,,,,30514,24892,False
344,,Jeffersonville,,0,,,,,,,,,,,19853,3463,False
345,,Jenkinsburg,,0,,,,,,,,,,,25606,2060,False
346,,Jersey,,0,,,,,,,,,,,24106,38445,False
347,,Jonesboro,,0,,,,,,,,,,,26475,138498,False
348,,Juliette,,0,,,,,,,,,,,24131,3198,False
349,,Junction City,,0,,,,,,,,,,,11987,585,False
350,,Kathleen,,0,,,,,,,,,,,38209,14625,False
351,,Kennesaw,,0,,,,,,,,,,,35982,99130,False
352,,Keysville,,0,,,,,,,,,,,26652,2024,False
353,,Kings Bay,,0,,,,,,,,,,,21594,1420,False
354,,Kingsland,,0,,,,,,,,,,,27743,21146,False
355,,Kingston,,0,,,,,,,,,,,29190,7142,False
356,,Kite,,0,,,,,,,,,,,23488,1856,False
357,,Knoxville,,0,,,,,,,,,,,14004,861,False
358,,La Fayette,,0,,,,,,,,,,,21067,20609,False
359,,Lagrange,,0,,,,,,,,,,,23825,79646,False
360,,Lake Park,,0,,,,,,,,,,,22008,10640,False
361,,Lakemont,,0,,,,,,,,,,,25919,1805,False
362,,Lebanon,,0,,,,,,,,,,,37370,41105,False
363,,Leesburg,,0,,,,,,,,,,,36161,24186,False
364,,Lenox,,0,,,,,,,,,,,22323,2891,False
365,,Leslie,,0,,,,,,,,,,,23716,1514,False
366,,Lexington,,0,,,,,,,,,,,24657,3094,False
367,,Lilburn,,0,,,,,,,,,,,31381,130840,False
368,,Lilly,,0,,,,,,,,,,,18750,140,False
369,,Lincolnton,,0,,,,,,,,,,,24737,7642,False
370,,Lindale,,0,,,,,,,,,,,22784,4339,False
371,,Lithia Springs,,0,,,,,,,,,,,29476,25786,False
372,,Lizella,,0,,,,,,,,,,,31168,8557,False
373,,Locust Grove,,0,,,,,,,,,,,33352,25161,False
374,,Loganville,,0,,,,,,,,,,,31550,65959,False
375,,Lookout Mountain,,0,,,,,,,,,,,15104,4753,False
376,,Louisville,,0,,,,,,,,,,,19028,5386,False
377,,Louvale,,0,,,,,,,,,,,38594,234,False
378,,Lovejoy,,0,,,,,,,,,,,7455,656,False
379,,Ludowici,,0,,,,,,,,,,,26653,13243,False
380,,Lula,,0,,,,,,,,,,,27146,7687,False
381,,Lumber City,,0,,,,,,,,,,,17421,2157,False
382,,Lumpkin,,0,,,,,,,,,,,15625,3677,False
383,,Luthersville,,0,,,,,,,,,,,25291,2316,False
384,,Lyerly,,0,,,,,,,,,,,18023,1933,False
385,,Lyons,,0,,,,,,,,,,,22341,12092,False
386,,Mableton,,0,,,,,,,,,,,36417,41665,False
387,,Manchester,,0,,,,,,,,,,,19761,5231,False
388,,Manor,,0,,,,,,,,,,,20547,801,False
389,,Mansfield,,0,,,,,,,,,,,27338,3306,False
390,,Marshallville,,0,,,,,,,,,,,19246,2238,False
391,,Martin,,0,,,,,,,,,,,21529,4813,False
392,,Matthews,,0,,,,,,,,,,,26968,622,False
393,,Mauk,,0,,,,,,,,,,,23194,1361,False
394,,Maxeys,,0,,,,,,,,,,,25027,954,False
395,,Maysville,,0,,,,,,,,,,,20858,5998,False
396,,McCaysville,,0,,,,,,,,,,,21648,2273,False
397,,McIntyre,,0,,,,,,,,,,,24091,1543,False
398,,McRae,,0,,,,,,,,,,,18310,8194,False
399,,Mcdonough,,0,,,,,,,,,,,34107,101462,False
400,,Meansville,,0,,,,,,,,,,,28670,2589,False
401,,Meigs,,0,,,,,,,,,,,18770,2774,False
402,,Meldrim,,0,,,,,,,,,,,30022,432,False
403,,Menlo,,0,,,,,,,,,,,25386,2221,False
404,,Meridian,,0,,,,,,,,,,,27430,7900,False
405,,Mershon,,0,,,,,,,,,,,17451,963,False
406,,Mesena,,0,,,,,,,,,,,19797,4205,False
407,,Midland,,0,,,,,,,,,,,45584,10815,False
408,,Midville,,0,,,,,,,,,,,20953,1701,False
409,,Midway,,0,,,,,,,,,,,30553,8258,False
410,,Milan,,0,,,,,,,,,,,21939,1866,False
411,,Millwood,,0,,,,,,,,,,,19049,842,False
412,,Milner,,0,,,,,,,,,,,26406,4345,False
413,,Mineral Bluff,,0,,,,,,,,,,,20721,4701,False
414,,Mitchell,,0,,,,,,,,,,,24795,1112,False
415,,Molena,,0,,,,,,,,,,,24274,3047,False
416,,Montrose,,0,,,,,,,,,,,23144,1193,False
417,,Moreland,,0,,,,,,,,,,,31997,2886,False
418,,Morganton,,0,,,,,,,,,,,22082,4759,False
419,,Morrow,,0,,,,,,,,,,,24475,75181,False
420,,Morven,,0,,,,,,,,,,,16146,1107,False
421,,Mount Airy,,0,,,,,,,,,,,25963,5955,False
422,,Mount Berry,,0,,,,,,,,,,,3561,1935,False
423,,Mount Vernon,,0,,,,,,,,,,,14563,3929,False
424,,Mount Zion,,0,,,,,,,,,,,21845,35575,False
425,,Mountain City,,0,,,,,,,,,,,16843,1386,False
426,,Murrayville,,0,,,,,,,,,,,25034,3414,False
427,,Musella,,0,,,,,,,,,,,26875,1492,False
428,,Mystic,,0,,,,,,,,,,,17566,6737,False
429,,Nahunta,,0,,,,,,,,,,,16798,4369,False
430,,Naylor,,0,,,,,,,,,,,25788,1966,False
431,,Nelson,,0,,,,,,,,,,,33798,14606,False
432,,Newborn,,0,,,,,,,,,,,29643,2217,False
433,,Newington,,0,,,,,,,,,,,17946,1251,False
434,,Nicholls,,0,,,,,,,,,,,22315,8611,False
435,,Nicholson,,0,,,,,,,,,,,26805,4424,False
436,,Norcross,,0,,,,,,,,,,,29016,231488,False
437,,Norman Park,,0,,,,,,,,,,,20124,6204,False
438,,Norristown,,0,,,,,,,,,,,20101,13598,False
439,,Norwood,,0,,,,,,,,,,,21974,765,False
440,,Nunez,,0,,,,,,,,,,,41250,76,False
441,,Oakfield,,0,,,,,,,,,,,20446,536,False
442,,Oakman,,0,,,,,,,,,,,26104,3779,False
443,,Oakwood,,0,,,,,,,,,,,27851,7736,False
444,,Ochlocknee,,0,,,,,,,,,,,24837,3547,False
445,,Oconee,,0,,,,,,,,,,,25227,252,False
446,,Odum,,0,,,,,,,,,,,22345,2793,False
447,,Offerman,,0,,,,,,,,,,,18958,88,False
448,,Oglethorpe,,0,,,,,,,,,,,24861,5079,False
449,,Oliver,,0,,,,,,,,,,,25625,163,False
450,,Omaha,,0,,,,,,,,,,,18622,263,False
451,,Omega,,0,,,,,,,,,,,21320,3339,False
452,,Orchard Hill,,0,,,,,,,,,,,27683,25142,False
453,,Oxford,,0,,,,,,,,,,,25394,11904,False
454,,Palmetto,,0,,,,,,,,,,,23888,10434,False
455,,Patterson,,0,,,,,,,,,,,25316,3229,False
456,,Pavo,,0,,,,,,,,,,,20846,2316,False
457,,Peachtree City,,0,,,,,,,,,,,47760,35904,False
458,,Pearson,,0,,,,,,,,,,,20696,4779,False
459,,Pelham,,0,,,,,,,,,,,22604,9998,False
460,,Pembroke,,0,,,,,,,,,,,24346,7640,False
461,,Pendergrass,,0,,,,,,,,,,,29817,3188,False
462,,Perkins,,0,,,,,,,,,,,17292,784,False
463,,Pine Lake,,0,,,,,,,,,,,40599,727,False
464,,Pine Mountain,,0,,,,,,,,,,,26832,5929,False
465,,Pine Mountain Valley,,0,,,,,,,,,,,25568,797,False
466,,Pinehurst,,0,,,,,,,,,,,29792,985,False
467,,Pineview,,0,,,,,,,,,,,20574,1200,False
468,,Pitts,,0,,,,,,,,,,,23417,1357,False
469,,Plains,,0,,,,,,,,,,,20239,2100,False
470,,Plainville,,0,,,,,,,,,,,23214,2143,False
471,,Pooler,,0,,,,,,,,,,,40454,25459,False
472,,Portal,,0,,,,,,,,,,,15615,2192,False
473,,Porterdale,,0,,,,,,,,,,,12149,484,False
474,,Poulan,,0,,,,,,,,,,,23711,2264,False
475,,Powder Springs,,0,,,,,,,,,,,34615,67688,False
476,,Preston,,0,,,,,,,,,,,20767,1695,False
477,,Putney,,0,,,,,,,,,,,16814,32477,False
478,,Rabun Gap,,0,,,,,,,,,,,27471,1645,False
479,,Ranger,,0,,,,,,,,,,,26104,3779,False
480,,Ray City,,0,,,,,,,,,,,24453,5053,False
481,,Rayle,,0,,,,,,,,,,,15085,1204,False
482,,Rebecca,,0,,,,,,,,,,,26758,883,False
483,,Red Oak,,0,,,,,,,,,,,28266,75514,False
484,,Redan,,0,,,,,,,,,,,27221,57658,False
485,,Register,,0,,,,,,,,,,,24971,1372,False
486,,Rentz,,0,,,,,,,,,,,20211,2677,False
487,,Resaca,,0,,,,,,,,,,,23011,6334,False
488,,Rex,,0,,,,,,,,,,,29719,14663,False
489,,Reynolds,,0,,,,,,,,,,,19802,3414,False
490,,Rhine,,0,,,,,,,,,,,20714,1395,False
491,,Riceboro,,0,,,,,,,,,,,21571,1213,False
492,,Richland,,0,,,,,,,,,,,22500,2358,False
493,,Richmond Hill,,0,,,,,,,,,,,37143,25643,False
494,,Rincon,,0,,,,,,,,,,,34103,20230,False
495,,Ringgold,,0,,,,,,,,,,,29406,43149,False
496,,Rising Fawn,,0,,,,,,,,,,,23759,3766,False
497,,Roberta,,0,,,,,,,,,,,22416,2973,False
498,,Rochelle,,0,,,,,,,,,,,24764,2161,False
499,,Rock Spring,,0,,,,,,,,,,,29036,6460,False
500,,Rockledge,,0,,,,,,,,,,,18226,680,False
501,,Rockmart,,0,,,,,,,,,,,24357,18375,False
502,,Rocky Face,,0,,,,,,,,,,,28792,8457,False
503,,Rocky Ford,,0,,,,,,,,,,,22095,465,False
504,,Roopville,,0,,,,,,,,,,,25863,2943,False
505,,Rossville,,0,,,,,,,,,,,21496,28535,False
506,,Royston,,0,,,,,,,,,,,19505,9077,False
507,,Rutledge,,0,,,,,,,,,,,20060,3052,False
508,,Rydal,,0,,,,,,,,,,,25700,3467,False
509,,Saint Marys,,0,,,,,,,,,,,29862,21307,False
510,,Saint Simons Island,,0,,,,,,,,,,,42933,16402,False
511,,Sale City,,0,,,,,,,,,,,25292,764,False
512,,Sapelo Island,,0,,,,,,,,,,,45649,187,False
513,,Sardis,,0,,,,,,,,,,,20675,1936,False
514,,Sautee Nacoochee,,0,,,,,,,,,,,29688,3545,False
515,,Scotland,,0,,,,,,,,,,,22371,411,False
516,,Scottdale,,0,,,,,,,,,,,27753,2824,False
517,,Screven,,0,,,,,,,,,,,23512,2853,False
518,,Senoia,,0,,,,,,,,,,,34839,15245,False
519,,Seville,,0,,,,,,,,,,,14453,43,False
520,,Shady Dale,,0,,,,,,,,,,,22500,1292,False
521,,Shannon,,0,,,,,,,,,,,23357,34286,False
522,,Sharon,,0,,,,,,,,,,,30500,28,False
523,,Sharpsburg,,0,,,,,,,,,,,39430,22247,False
524,,Shiloh,,0,,,,,,,,,,,22196,2238,False
525,,Siloam,,0,,,,,,,,,,,16375,67,False
526,,Silver Creek,,0,,,,,,,,,,,25726,5799,False
527,,Smarr,,0,,,,,,,,,,,25070,16459,False
528,,Smithville,,0,,,,,,,,,,,21579,1566,False
529,,Smyrna,,0,,,,,,,,,,,40105,139733,False
530,,Snellville,,0,,,,,,,,,,,31806,81950,False
531,,Social Circle,,0,,,,,,,,,,,31112,9308,False
532,,Soperton,,0,,,,,,,,,,,21206,5885,False
533,,Sparks,,0,,,,,,,,,,,18750,3660,False
534,,Sparta,,0,,,,,,,,,,,20770,8685,False
535,,Stapleton,,0,,,,,,,,,,,18444,1837,False
536,,Statenville,,0,,,,,,,,,,,26356,912,False
537,,Statham,,0,,,,,,,,,,,27892,10214,False
538,,Stephens,,0,,,,,,,,,,,25027,954,False
539,,Stillmore,,0,,,,,,,,,,,16429,83,False
540,,Stockbridge,,0,,,,,,,,,,,31020,67533,False
541,,Stockton,,0,,,,,,,,,,,32178,1096,False
542,,Stone Mountain,,0,,,,,,,,,,,26085,186633,False
543,,Suches,,0,,,,,,,,,,,21199,796,False
544,,Sugar Valley,,0,,,,,,,,,,,21581,940,False
545,,Summerville,,0,,,,,,,,,,,22099,15438,False
546,,Sumner,,0,,,,,,,,,,,24138,855,False
547,,Sunny Side,,0,,,,,,,,,,,25938,96,False
548,,Surrency,,0,,,,,,,,,,,23250,1296,False
549,,Suwanee,,0,,,,,,,,,,,44131,77334,False
550,,Sycamore,,0,,,,,,,,,,,22479,1788,False
551,,Talbotton,,0,,,,,,,,,,,19152,2174,False
552,,Talking Rock,,0,,,,,,,,,,,22759,5544,False
553,,Tallapoosa,,0,,,,,,,,,,,25903,6594,False
554,,Tallulah Falls,,0,,,,,,,,,,,49114,219,False
555,,Talmo,,0,,,,,,,,,,,26052,1533,False
556,,Tarrytown,,0,,,,,,,,,,,27708,338,False
557,,Tate,,0,,,,,,,,,,,36202,1427,False
558,,Taylorsville,,0,,,,,,,,,,,24628,2971,False
559,,Temple,,0,,,,,,,,,,,26907,19109,False
560,,Tennga,,0,,,,,,,,,,,28971,40,False
561,,Tennille,,0,,,,,,,,,,,21113,4695,False
562,,The Rock,,0,,,,,,,,,,,17227,639,False
563,,Tiger,,0,,,,,,,,,,,22466,2310,False
564,,Tignall,,0,,,,,,,,,,,19680,1452,False
565,,Toomsboro,,0,,,,,,,,,,,17121,959,False
566,,Townsend,,0,,,,,,,,,,,27430,7900,False
567,,Trenton,,0,,,,,,,,,,,25761,8463,False
568,,Trion,,0,,,,,,,,,,,22940,7330,False
569,,Tunnel Hill,,0,,,,,,,,,,,25581,8813,False
570,,Turnerville,,0,,,,,,,,,,,25393,12230,False
571,,Twin City,,0,,,,,,,,,,,18584,5085,False
572,,Ty Ty,,0,,,,,,,,,,,20161,1781,False
573,,Tybee Island,,0,,,,,,,,,,,42413,3583,False
574,,Tyrone,,0,,,,,,,,,,,40398,8677,False
575,,Unadilla,,0,,,,,,,,,,,21571,4353,False
576,,Union City,,0,,,,,,,,,,,24219,21399,False
577,,Union Point,,0,,,,,,,,,,,18477,3429,False
578,,Upatoi,,0,,,,,,,,,,,48500,956,False
579,,Uvalda,,0,,,,,,,,,,,26115,2445,False
580,,Varnell,,0,,,,,,,,,,,18846,138,False
581,,Vienna,,0,,,,,,,,,,,18784,7133,False
582,,Waco,,0,,,,,,,,,,,19109,2498,False
583,,Wadley,,0,,,,,,,,,,,16288,2911,False
584,,Waleska,,0,,,,,,,,,,,29380,6279,False
585,,Walthourville,,0,,,,,,,,,,,28303,40916,False
586,,Waresboro,,0,,,,,,,,,,,25843,20624,False
587,,Warrenton,,0,,,,,,,,,,,19797,4205,False
588,,Warthen,,0,,,,,,,,,,,27788,1217,False
589,,Warwick,,0,,,,,,,,,,,18021,1130,False
590,,Watkinsville,,0,,,,,,,,,,,37228,18337,False
591,,Waverly,,0,,,,,,,,,,,28592,2008,False
592,,Waverly Hall,,0,,,,,,,,,,,26310,3556,False
593,,Waynesboro,,0,,,,,,,,,,,23614,13828,False
594,,Waynesville,,0,,,,,,,,,,,18019,4839,False
595,,West Green,,0,,,,,,,,,,,23750,842,False
596,,West Point,,0,,,,,,,,,,,25285,7188,False
597,,Weston,,0,,,,,,,,,,,17973,274,False
598,,White,,0,,,,,,,,,,,27879,6612,False
599,,White Oak,,0,,,,,,,,,,,19242,685,False
600,,White Plains,,0,,,,,,,,,,,21266,1242,False
601,,Whitesburg,,0,,,,,,,,,,,22486,4160,False
602,,Wildwood,,0,,,,,,,,,,,21163,2128,False
603,,Willacoochee,,0,,,,,,,,,,,22500,3404,False
604,,Williamson,,0,,,,,,,,,,,27884,5772,False
605,,Winston,,0,,,,,,,,,,,35529,7918,False
606,,Winterville,,0,,,,,,,,,,,23920,6601,False
607,,Woodbine,,0,,,,,,,,,,,28438,5831,False
608,,Woodbury,,0,,,,,,,,,,,18898,2948,False
609,,Woodland,,0,,,,,,,,,,,23859,849,False
610,,Woodstock,,0,,,,,,,,,,,39541,101721,False
611,,Wray,,0,,,,,,,,,,,23705,843,False
612,,Wrens,,0,,,,,,,,,,,18634,3065,False
613,,Wrightsville,,0,,,,,,,,,,,20232,7046,False
614,,Yatesville,,0,,,,,,,,,,,27000,1656,False
615,,Young Harris,,0,,,,,,,,,,,15867,5038,False
616,,Zebulon,,0,,,,,,,,,,,31654,4352,False
0,Emory Johns Creek Hospital,Alpharetta,Fulton County,118,2007,Emory,,ChIJ8wevZy-Z9YgR5mpDmsMDM48,34.066497399999996,-84.17623650000002,6325 Hospital Parkway,Georgia,30097.0,"6325 Hospital Pkwy, Johns Creek, GA 30097, USA",53503,229248,
1,Southeast Georgia Health System Camden,Saint Marys,Camden County,40,,SGHS,,ChIJU6IsZ5cE5YgRaTwbgslwgUw,30.780916499999996,-81.61514659999999,2000 Dan Proctor Drive,Georgia,31558.0,"2000 Dan Proctor Dr, St Marys, GA 31558, USA",29862,21307,
2,WellStar West Georgia Medical Center,Lagrange,Troup County,542,1937,WellStar,,ChIJ40ZJ5vtWi4gRK6PnDb-BAPU,33.03094,-85.05863670000001,1514 Vernon Road,Georgia,30240.0,"1514 Vernon Rd, LaGrange, GA 30240, USA",23825,79646,
3,Eastside Medical Center,Roswell,Gwinnett County,249,,HCA,,ChIJaTUBHwOh9YgRoHi7L2zoz4E,33.964011,-84.225939,5707 Peachtree Parkway,Georgia,30092.0,"5707 Peachtree Pkwy #100, Peachtree Corners, GA 30092, USA",40065,146212,
